employee_id,name_prefix,firstname,middle_initial,lastname,gender,email,father_name,mother_name,mother_maiden,birthdate,joining_date,salary,ssn,phone,city,state,zip
677509,Drs.,Lois,H,Walker,F,lois.walker@hotmail.com,Donald Walker,Helen Walker,Lewis,1981/03/29,2003/11/24,168251,467-99-4677,303-572-8492,Denver,CO,80224
940761,Ms.,Brenda,S,Robinson,F,brenda.robinson@gmail.com,Raymond Robinson,Judy Robinson,Perry,1970/07/31,2008/07/27,51063,537-71-4566,225-945-4954,Stonewall,LA,71078
428945,Dr.,Joe,W,Robinson,M,joe.robinson@gmail.com,Scott Robinson,Stephanie Robinson,Taylor,1963/06/16,2016/03/08,50155,025-92-3584,219-904-2161,Michigantown,IN,46057
408351,Drs.,Diane,I,Evans,F,diane.evans@yahoo.com,Jason Evans,Michelle Evans,Allen,1977/04/12,1999/04/16,180294,314-35-9851,215-793-6791,Hydetown,PA,16328
193819,Mr.,Benjamin,R,Russell,M,benjamin.russell@charter.net,Gregory Russell,Elizabeth Russell,Nelson,1977/04/17,2013/07/25,117642,121-98-7248,262-404-2252,Fremont,WI,54940
499687,Mr.,Patrick,F,Bailey,M,patrick.bailey@aol.com,Ralph Bailey,Laura Bailey,Henderson,1982/09/27,2005/07/22,72305,439-99-7721,319-812-6957,Macksburg,IA,50155
539712,Ms.,Nancy,T,Baker,F,nancy.baker@bp.com,Scott Baker,Judy Baker,Thomas,1995/06/13,2016/09/14,98189,641-29-2071,229-336-5117,Atlanta,GA,30334
380086,Mrs.,Carol,V,Murphy,F,carol.murphy@gmail.com,Eugene Murphy,Katherine Murphy,Peterson,1958/06/30,1983/01/28,60918,423-67-7023,216-336-0009,Blanchester,OH,45107
477616,Hon.,Frances,B,Young,F,frances.young@gmail.com,Fred Young,Lillian Young,Diaz,1959/09/06,1994/04/27,121587,028-92-8912,210-819-9765,Delmita,TX,78536
162402,Hon.,Diana,T,Peterson,F,diana.peterson@hotmail.co.uk,Jonathan Peterson,Christina Peterson,Ross,1987/11/13,2014/02/17,43010,512-33-6767,479-783-5656,Eureka Springs,AR,72632
231469,Mr.,Ralph,L,Flores,M,ralph.flores@yahoo.com,Terry Flores,Michelle Flores,Moore,1975/05/02,2009/04/14,118457,302-15-0130,316-280-2864,Sabetha,KS,66534
153989,Prof.,Jack,C,Alexander,M,jack.alexander@gmail.com,Samuel Alexander,Sharon Alexander,Walker,1995/05/19,2017/05/01,82965,428-99-9413,702-603-3769,Las Vegas,NV,89170
386158,Mrs.,Melissa,Q,King,F,melissa.king@comcast.net,Philip King,Maria King,White,1972/02/24,2015/11/24,166892,277-17-9106,216-605-3731,New Matamoras,OH,45767
301576,Hon.,Wayne,G,Watson,M,wayne.watson@gmail.com,Ronald Watson,Margaret Watson,Hayes,1996/06/26,2017/07/19,92758,011-94-6649,701-231-9370,Maida,ND,58255
441771,Mrs.,Cheryl,O,Scott,F,cheryl.scott@gmail.com,Richard Scott,Lois Scott,Watson,1958/02/23,1990/11/26,92220,596-94-2279,215-288-9345,Quecreek,PA,15555
528509,Hon.,Paula,G,Diaz,F,paula.diaz@gmail.com,Alan Diaz,Kathryn Diaz,Powell,1966/08/22,1994/08/22,152654,234-57-7671,252-531-7641,Beulaville,NC,28518
912990,Mr.,Joshua,T,Stewart,M,joshua.stewart@yahoo.ca,Todd Stewart,Martha Stewart,Jones,1970/05/18,2002/02/09,184896,755-07-3676,217-279-9342,New Douglas,IL,62074
214352,Ms.,Theresa,G,Lee,F,theresa.lee@gmail.com,John Lee,Rebecca Lee,Turner,1992/05/12,2015/01/19,197537,055-02-9969,319-553-8919,Toeterville,IA,50481
890290,Hon.,Julia,S,Scott,F,julia.scott@apple.com,Lawrence Scott,Amy Scott,King,1959/07/15,2005/02/23,141518,251-99-1941,423-939-1010,Primm Springs,TN,38476
622406,Mr.,Thomas,Q,Lewis,M,thomas.lewis@gmail.com,Ryan Lewis,Lois Lewis,Price,1967/04/10,1998/07/06,73862,467-99-2604,314-679-3697,Dutchtown,MO,63745
979607,Ms.,Carol,J,Edwards,F,carol.edwards@msn.com,Shawn Edwards,Susan Edwards,Gray,1994/12/14,2016/04/25,93967,316-35-9870,225-283-4295,Shreveport,LA,71162
969580,Prof.,Matthew,L,Turner,M,matthew.turner@gmail.com,Jose Turner,Kathy Turner,Cox,1993/10/26,2016/07/02,52237,598-92-1988,236-972-7624,Heathsville,VA,22473
426038,Hon.,Joan,C,Stewart,F,joan.stewart@yahoo.com,Charles Stewart,Julia Stewart,Collins,1972/11/20,2009/12/30,111673,429-99-6443,216-637-6800,Middleport,OH,45760
388642,Mrs.,Ruby,R,Rogers,F,ruby.rogers@gmail.com,Ronald Rogers,Teresa Rogers,Alexander,1980/01/05,2013/08/30,160623,236-55-0172,423-231-6507,Woodbury,TN,37190
560455,Ms.,Carolyn,V,Hayes,F,carolyn.hayes@hotmail.co.uk,Jimmy Hayes,Sara Hayes,Foster,1958/10/03,2001/03/07,42005,730-28-1350,239-882-8784,Saint Cloud,FL,34771
477253,Mrs.,Anne,L,Russell,F,anne.russell@ibm.com,Jimmy Russell,Stephanie Russell,Richardson,1989/07/29,2013/11/24,103160,456-99-5619,605-635-1306,Stockholm,SD,57264
263480,Hon.,Daniel,K,Cooper,M,daniel.cooper@yahoo.com,Louis Cooper,Julie Cooper,Murphy,1990/01/01,2014/06/03,153790,181-86-2024,701-510-8162,Manning,ND,58642
683826,Mr.,Roger,L,Roberts,M,roger.roberts@gmail.com,Antonio Roberts,Katherine Roberts,Brooks,1969/07/07,2009/01/29,129625,120-98-6493,206-497-3141,Mount Vernon,WA,98273
474599,Drs.,Maria,W,Walker,F,maria.walker@microsoft.com,Ralph Walker,Teresa Walker,Brooks,1975/03/19,1998/01/10,48944,447-27-3175,423-668-5506,Lawrenceburg,TN,38464
335732,Ms.,Brenda,M,Butler,F,brenda.butler@gmail.com,Phillip Butler,Joyce Butler,Thomas,1963/06/12,1987/08/20,60508,282-15-6434,480-814-8284,Mesa,AZ,85208
329752,Hon.,Lillian,X,Brown,F,lillian.brown@aol.com,Gary Brown,Virginia Brown,Wood,1981/12/05,2015/04/13,67251,249-99-8821,239-812-9041,Panacea,FL,32346
893212,Ms.,Amy,B,Howard,F,amy.howard@aol.com,James Howard,Virginia Howard,Collins,1981/06/16,2003/01/06,112715,686-24-2843,803-613-3168,Kline,SC,29814
621833,Mr.,Gregory,X,Edwards,M,gregory.edwards@outlook.com,Jose Edwards,Helen Edwards,Howard,1993/08/31,2015/09/30,169245,010-94-6817,503-256-9654,Bonanza,OR,97623
456747,Mr.,Roy,Z,Griffin,M,roy.griffin@yahoo.com,Benjamin Griffin,Wanda Griffin,Simmons,1991/08/05,2012/08/23,170895,358-08-7660,219-506-9378,Liberty,IN,47353
278556,Prof.,Richard,Y,Mitchell,M,richard.mitchell@verizon.net,Peter Mitchell,Andrea Mitchell,Flores,1993/07/28,2016/08/18,122226,013-94-5886,205-621-5884,Ohatchee,AL,36271
333476,Hon.,Mary,P,Wilson,F,mary.wilson@sbcglobal.net,Robert Wilson,Jennifer Wilson,Patterson,1967/01/12,1991/12/22,109394,198-84-0652,423-937-8660,Nashville,TN,37219
218791,Mr.,Aaron,N,Price,M,aaron.price@bp.com,Michael Price,Diana Price,Torres,1969/10/02,1997/03/07,54402,491-29-5152,219-287-8926,Eckerty,IN,47116
134841,Ms.,Donna,R,Brown,F,donna.brown@aol.com,Adam Brown,Irene Brown,James,1983/09/14,2013/07/17,129836,544-81-5182,212-434-7910,Lima,NY,14485
726264,Hon.,Carl,N,Collins,M,carl.collins@yahoo.com,Gerald Collins,Phyllis Collins,Rodriguez,1973/12/22,2007/09/06,162159,544-81-6171,479-740-7633,Wright,AR,72182
766610,Ms.,Joyce,E,Jenkins,F,joyce.jenkins@aol.com,Edward Jenkins,Susan Jenkins,Hayes,1961/08/22,2010/05/14,119321,695-16-6506,262-455-4187,Ellsworth,WI,54011
923947,Ms.,Mary,G,Bryant,F,mary.bryant@verizon.net,Joshua Bryant,Norma Bryant,Harris,1962/06/21,2004/05/20,155442,491-29-7461,319-827-3516,Conroy,IA,52220
227922,Hon.,Amanda,M,Hughes,F,amanda.hughes@rediffmail.com,Roy Hughes,Cynthia Hughes,Bryant,1982/07/29,2007/04/19,114257,311-35-2540,225-544-9700,Lake Charles,LA,70605
265813,Hon.,Jack,E,Campbell,M,jack.campbell@gmail.com,Philip Campbell,Wanda Campbell,Watson,1985/04/01,2007/07/29,186280,047-15-1537,316-499-5737,Kalvesta,KS,67856
247137,Mr.,Alan,E,Rivera,M,alan.rivera@apple.com,Bobby Rivera,Jennifer Rivera,Jackson,1978/11/12,2006/07/06,154810,399-31-7149,423-277-6819,Knoxville,TN,37901
407061,Ms.,Elizabeth,Q,Jackson,F,elizabeth.jackson@aol.com,Scott Jackson,Catherine Jackson,Jackson,1964/08/15,2005/01/19,85420,660-24-4434,603-568-6118,Rochester,NH,3867
226714,Drs.,Nancy,L,Davis,F,nancy.davis@ibm.com,Bruce Davis,Jessica Davis,Moore,1983/11/14,2012/08/25,94986,224-99-5928,219-610-3067,Bowling Green,IN,47833
702813,Mr.,Ernest,D,Martinez,M,ernest.martinez@gmail.com,Ryan Martinez,Beverly Martinez,Hill,1989/09/11,2016/01/24,172098,672-48-7749,479-951-4138,Uniontown,AR,72955
524896,Ms.,Judy,Y,Hernandez,F,judy.hernandez@gmail.com,Fred Hernandez,Pamela Hernandez,Evans,1961/03/25,2011/12/27,133332,534-71-4481,316-736-6126,Topeka,KS,66606
363065,Drs.,Nancy,L,Jones,F,nancy.jones@gmail.com,Eugene Jones,Sandra Jones,Jenkins,1993/10/11,2015/10/16,61924,681-24-3165,212-825-1930,New York City,NY,10087
879753,Mrs.,Pamela,X,Wright,F,pamela.wright@aol.com,Terry Wright,Debra Wright,Williams,1996/04/14,2017/09/06,149262,459-99-9201,307-329-8832,Banner,WY,82832
958326,Mr.,Larry,T,Miller,M,larry.miller@shell.com,Russell Miller,Mildred Miller,Ward,1988/10/31,2017/02/22,97904,207-84-9482,217-574-9283,East Saint Louis,IL,62201
447813,Mrs.,Ann,Q,Coleman,F,ann.coleman@ibm.com,Harold Coleman,Tina Coleman,Walker,1989/11/05,2013/11/19,130014,027-92-0557,319-994-4179,Hancock,IA,51536
525955,Drs.,Judy,C,Gonzales,F,judy.gonzales@gmail.com,Kevin Gonzales,Sharon Gonzales,Perez,1959/06/17,1992/03/01,149575,029-92-2155,201-640-8645,Eatontown,NJ,7724
818384,Mr.,Peter,X,Washington,M,peter.washington@bp.com,Douglas Washington,Jean Washington,Henderson,1982/06/11,2009/11/29,173226,039-74-8867,231-322-0316,Portage,MI,49024
971640,Prof.,Clarence,A,Ross,M,clarence.ross@apple.com,Arthur Ross,Louise Ross,Washington,1960/12/13,2008/12/31,165272,372-37-5315,423-772-0118,Oneida,TN,37841
253573,Ms.,Sharon,E,Lopez,F,sharon.lopez@gmail.com,Daniel Lopez,Susan Lopez,Hayes,1991/04/05,2014/07/03,190139,064-02-2589,304-934-5548,Bartley,WV,24813
904898,Drs.,Ann,Q,Cooper,F,ann.cooper@exxonmobil.com,Harold Cooper,Mildred Cooper,Williams,1992/12/25,2017/02/15,182521,219-89-6310,406-278-6460,Arlee,MT,59821
515103,Ms.,Anne,A,Perez,F,anne.perez@sbcglobal.net,Douglas Perez,Doris Perez,Bailey,1958/05/05,2003/07/28,114426,594-99-9091,423-837-3338,Cookeville,TN,38505
491943,Mrs.,Nancy,P,Howard,F,nancy.howard@gmail.com,Gregory Howard,Mildred Howard,Flores,1961/05/05,1999/06/02,101553,035-74-2732,236-973-8086,Saxe,VA,23967
750173,Mr.,Antonio,R,Roberts,M,antonio.roberts@hotmail.com,Timothy Roberts,Diana Roberts,Rodriguez,1995/08/27,2017/01/05,181646,281-15-7944,205-267-7304,Mc Calla,AL,35111
687017,Ms.,Frances,P,Watson,F,frances.watson@outlook.com,Adam Watson,Diana Watson,Jones,1961/01/30,2010/08/20,46945,305-37-1946,406-530-8069,Trego,MT,59934
241882,Ms.,Debra,G,Wood,F,debra.wood@hotmail.com,Martin Wood,Theresa Wood,Perry,1969/10/30,1991/10/01,84318,342-11-6695,308-646-6219,Blair,NE,68009
758872,Mr.,Henry,Y,Jenkins,M,henry.jenkins@hotmail.com,Albert Jenkins,Beverly Jenkins,Murphy,1984/06/11,2017/06/21,102384,499-29-3125,314-731-7135,Riverside,MO,64150
940922,Hon.,Melissa,X,Butler,F,melissa.butler@hotmail.com,Robert Butler,Anne Butler,Jackson,1994/11/14,2017/05/02,167631,301-15-9149,308-827-9016,Maxwell,NE,69151
917937,Mr.,Todd,H,Hall,M,todd.hall@yahoo.com,Thomas Hall,Kathleen Hall,Morgan,1991/08/31,2016/08/05,163560,633-31-1781,240-513-8668,Randallstown,MD,21133
917395,Hon.,Christopher,D,Nelson,M,christopher.nelson@aol.com,Jeffrey Nelson,Cynthia Nelson,Sanders,1960/03/29,1997/08/11,190765,120-98-6155,480-946-9780,Willow Beach,AZ,86445
183071,Drs.,Andrea,P,Garcia,F,andrea.garcia@aol.com,Mark Garcia,Nicole Garcia,Howard,1985/06/07,2010/04/18,54179,213-91-6792,219-624-3708,Granger,IN,46530
316110,Mr.,Jeremy,I,Sanchez,M,jeremy.sanchez@hotmail.com,Albert Sanchez,Patricia Sanchez,Ross,1965/05/02,2006/02/04,178847,474-55-8883,423-974-2755,Alcoa,TN,37701
293459,Mr.,Steven,J,Phillips,M,steven.phillips@hotmail.com,Jason Phillips,Gloria Phillips,Lewis,1986/12/09,2015/03/27,90108,578-53-9940,225-968-5952,Baton Rouge,LA,70833
732017,Ms.,Cynthia,J,Ramirez,F,cynthia.ramirez@btinternet.com,Walter Ramirez,Evelyn Ramirez,Smith,1982/09/22,2009/02/18,90531,355-08-4606,406-961-7340,Browning,MT,59417
915638,Dr.,Jason,W,Anderson,M,jason.anderson@gmail.com,Brandon Anderson,Julia Anderson,Baker,1974/03/01,1999/09/21,76636,048-15-7937,217-856-6752,Hudson,IL,61748
478003,Hon.,Cynthia,X,White,F,cynthia.white@gmail.com,Nicholas White,Katherine White,Turner,1963/06/15,2004/04/03,186200,364-39-4983,314-593-3092,Kansas City,MO,64133
951225,Ms.,Margaret,N,Brooks,F,margaret.brooks@gmail.com,Johnny Brooks,Debra Brooks,Robinson,1992/06/27,2016/08/26,43867,057-02-6958,303-960-0117,Haswell,CO,81045
883936,Mr.,Douglas,I,Flores,M,douglas.flores@gmail.com,Justin Flores,Kathy Flores,Ramirez,1986/04/21,2009/10/09,181793,324-11-6837,303-836-4721,Eckert,CO,81418
528673,Hon.,Paul,V,Watson,M,paul.watson@hotmail.com,Carl Watson,Anna Watson,Bennett,1959/09/03,1995/06/26,145235,286-15-9671,270-556-7711,Blue River,KY,41607
765850,Mrs.,Linda,R,Moore,F,linda.moore@gmail.com,Howard Moore,Diana Moore,Smith,1991/08/18,2017/05/15,113256,286-15-5442,215-793-7095,Albion,PA,16401
262382,Ms.,Cheryl,O,Miller,F,cheryl.miller@ntlworld.com,Gerald Miller,Christine Miller,Mitchell,1985/04/20,2007/07/30,64143,287-15-4772,270-880-3858,Bays,KY,41310
870820,Ms.,Martha,G,Washington,F,martha.washington@aol.com,Todd Washington,Carolyn Washington,Reed,1991/03/28,2017/03/03,116629,416-67-0297,405-945-0242,Nardin,OK,74646
806955,Mr.,William,G,Hernandez,M,william.hernandez@rediffmail.com,Peter Hernandez,Deborah Hernandez,Jones,1967/07/22,2000/03/21,73734,629-31-9010,239-276-0532,Mary Esther,FL,32569
325319,Hon.,Carolyn,F,Price,F,carolyn.price@yahoo.com,Kevin Price,Patricia Price,Williams,1976/05/30,2014/05/11,48736,512-33-3410,217-409-4338,Wheaton,IL,60189
623253,Mrs.,Ruby,Q,Stewart,F,ruby.stewart@gmail.com,Paul Stewart,Paula Stewart,Jackson,1968/10/23,2017/02/07,174774,007-11-1727,218-445-2369,Margie,MN,56658
225925,Mr.,Paul,D,Cooper,M,paul.cooper@gmail.com,Nicholas Cooper,Helen Cooper,Hill,1991/12/08,2014/08/09,73526,613-87-0084,210-984-4722,Glidden,TX,78943
761821,Mr.,Ernest,G,Washington,M,ernest.washington@msn.com,Johnny Washington,Shirley Washington,Harris,1984/10/28,2015/01/31,176675,178-86-1878,212-596-1659,Saranac Lake,NY,12983
400173,Ms.,Dorothy,K,Edwards,F,dorothy.edwards@hotmail.co.uk,Dennis Edwards,Betty Edwards,Howard,1984/01/19,2013/12/31,179017,543-81-2192,215-902-6888,Philadelphia,PA,19132
802554,Mr.,Ryan,V,Alexander,M,ryan.alexander@shell.com,William Alexander,Elizabeth Alexander,Gray,1993/01/08,2014/08/31,106628,017-94-7572,225-395-3347,Jarreau,LA,70749
476433,Ms.,Lillian,N,Mitchell,F,lillian.mitchell@shaw.ca,Harry Mitchell,Marie Mitchell,Murphy,1974/10/23,1999/07/12,149878,505-59-3960,316-876-1484,Wichita,KS,67214
533952,Ms.,Kelly,R,Adams,F,kelly.adams@bp.com,Eric Adams,Janice Adams,Brooks,1975/05/23,2013/04/07,51878,474-55-8101,405-418-0037,Meno,OK,73760
623929,Prof.,Jimmy,R,Howard,M,jimmy.howard@yahoo.com,Nicholas Howard,Patricia Howard,Hayes,1966/11/27,2007/12/12,120631,610-87-0251,212-855-9316,Oriskany,NY,13424
844177,Ms.,Margaret,T,Allen,F,margaret.allen@gmail.com,Michael Allen,Karen Allen,Morris,1981/08/09,2013/05/17,180107,137-25-8468,216-697-6987,Richmond Dale,OH,45673
212893,Ms.,Janet,Y,Henderson,F,janet.henderson@ntlworld.com,Jerry Henderson,Julie Henderson,Cooper,1979/12/24,2012/12/18,114481,018-94-7340,239-769-6347,Miami,FL,33166
185032,Mr.,Eugene,D,Perez,M,eugene.perez@exxonmobil.com,Jimmy Perez,Lois Perez,Hall,1979/06/10,2014/08/12,122950,192-86-6418,262-472-7112,Racine,WI,53490
867084,Ms.,Deborah,E,Smith,F,deborah.smith@yahoo.com,Richard Smith,Diana Smith,Bennett,1977/10/31,2002/04/03,52767,173-86-6203,907-279-8694,Atqasuk,AK,99791
969964,Hon.,Janice,S,Parker,F,janice.parker@yahoo.com,Paul Parker,Alice Parker,Perez,1980/12/01,2016/08/23,147641,733-26-1976,314-842-5984,Whiteman Air Force Base,MO,65305
158666,Ms.,Rebecca,A,Stewart,F,rebecca.stewart@gmail.com,Roger Stewart,Carol Stewart,Cox,1961/11/08,1983/10/04,160043,202-84-8294,209-233-7631,Independence,CA,93526
489424,Dr.,Phillip,F,White,M,phillip.white@gmail.com,Harold White,Frances White,Carter,1978/04/03,2016/05/01,181774,447-27-9469,503-668-6592,Mapleton,OR,97453
639892,Mr.,Jose,K,Hill,M,jose.hill@hotmail.com,Carlos Hill,Anna Hill,Hayes,1994/08/10,2016/09/07,129774,171-86-3825,228-245-5000,Biloxi,MS,39532
704709,Dr.,Harold,Z,Nelson,M,harold.nelson@gmail.com,Richard Nelson,Pamela Nelson,Smith,1984/12/24,2011/08/23,156194,456-99-2066,217-555-9216,Carol Stream,IL,60351
461593,Ms.,Nicole,O,Ward,F,nicole.ward@yahoo.com,Ralph Ward,Julia Ward,Lee,1964/12/12,1989/01/23,95673,196-84-2551,231-761-7861,Detroit,MI,48278
392491,Mrs.,Theresa,R,Murphy,F,theresa.murphy@gmail.com,George Murphy,Jacqueline Murphy,Peterson,1987/12/30,2010/03/08,51015,249-99-8801,907-356-1555,Mc Grath,AK,99627
495141,Drs.,Tammy,B,Young,F,tammy.young@comcast.net,Andrew Young,Brenda Young,Robinson,1979/03/22,2015/04/25,93650,771-02-7046,231-290-3075,Alma,MI,48801